time_sec,tof_pos_mm_1,tof_pos_mm_2,tof_pos_mm_3,reel_radians_1,reel_radians_2,reel_radians_3,reel_lin_mm_1,reel_lin_mm_2,reel_lin_mm_3,press_psi_1,press_psi_2,press_psi_3,flow_lpm_1,flow_lpm_2,flow_lpm_3,supply_psi,fric_level,inertia_level,hash
0,242.616344242218,-22.0018874654329,378.292833219687,0,0,0.735767508865573,-66.4891173815509,0,0.429136892696113,0.138225714285712,2.69565444318032,24.5459493182435,0.306919642857143,6.91348071054021,65.1395593547545,4.6259303021978,hi,hi,71e05251
0.0240186,241.874140266402,-20.8686619628426,472.765277629917,0,0.00521477741965042,1.47153501773115,-66.4891173815509,0,7.29514048238467,0.205368571428569,3.28271213734632,22.7438891124123,0.516183035714286,8.57370726110004,49.9990131263521,4.6259303021978,hi,hi,71e05251
0.0403314,241.108655943324,-11.2574582751718,509.179193538102,0,0.0886512161340571,2.38042429338862,-66.4891173815509,0.043143688970505,14.5902560723107,0.288268571428569,3.69671772768227,20.0505338227845,0.739397321428571,9.86224130034051,29.7529338674419,4.6259303021978,hi,hi,71e05251
0.0643751,240.59865027969,2.32327865252524,455.755586199164,0.000523598775598299,0.177302432268114,2.94307003546229,-66.4856473878409,0.733423943093659,23.6017714340468,0.380197142857141,4.0269884290682,15.3618601699974,0.973074776785714,10.0852568071321,7.39422025108023,4.6259303021978,hi,hi,71e05251
0.0807167,240.716261739414,33.2261735531957,291.024003336241,0.00890117918517108,0.286812758080773,3.80867886942179,-66.4301289980809,1.46684538360012,28.7509691936987,0.474282857142855,4.1793351785397,9.87203049933176,1.20675223214286,9.21797428072028,-16.725021996491,4.6259303021978,hi,hi,71e05251
0.1048165,241.84367012682,59.7078029124751,13.0998941347124,0.0178023583703422,0.354604864536228,4.28476372809951,-66.3711408158909,2.372826720877,30.4668213314254,0.560868571428569,4.27707663073228,4.43772649327156,1.416015625,7.85510173921593,-40.8442642440623,4.6259303021978,hi,hi,71e05251
0.1212086,244.237903495585,100.627616268698,-356.884382230697,0.0287979326579064,0.458900412929237,4.84740947017319,-66.2982738539609,2.8905062547766,28.3199887033101,0.647925714285712,4.20531836832298,0.638905699226295,1.54854910714286,6.2939931916746,-61.4424492292144,4.6259303021978,hi,hi,71e05251
0.1451563,247.887410505115,122.848735813294,-773.808689125176,0.0356047167406843,0.521477741965042,5.75629874583066,-66.2531675336109,3.10615478359987,31.7499691760279,0.72646857142857,4.08514611557531,-2.8382989076238,1.60435267857143,4.55942813885089,-70.4211452483833,4.6259303021978,hi,hi,71e05251
0.1617113,252.400224656026,135.796243114966,-1176.50304989232,0.0466002910282486,0.672706287134904,7.66063818054155,-66.1803047985609,3.58060116103806,42.4730458379908,0.80736857142857,3.90732366049598,-4.48676214513092,1.62179129464286,2.82486308602718,-67.9564051646898,4.6259303021978,hi,hi,71e05251
0.185951,256.970760237166,123.536652867418,-1497.32969313762,0.061261056745001,0.870867829081619,9.00233187317877,-66.0831574792009,4.65885897708923,61.7747935484869,0.88016857142857,3.78664392357285,-6.15541653340364,1.62527901785714,1.2141955369766,-59.8579734611258,4.6259303021978,hi,hi,71e05251
0.2023358,260.468247701453,66.7976117362158,-1675.64879732219,0.0853466004225227,1.2098283613589,9.8246602654403,-65.9235675705609,6.64289510803358,75.4985955512944,0.955182857142855,3.62749688615025,-6.11359200681773,1.61481584821429,0.173456505282371,-49.8229602632311,4.6259303021978,hi,hi,71e05251
0.2260535,261.641499591845,1.48806876143171,-1671.07081546997,0.116238928182822,1.43927856782351,9.73809938204435,-65.7188876704109,9.10109435483164,79.7814341439398,1.02424,3.54782187060386,-6.07248859275915,1.60435267857143,-0.346913010564741,-37.6753127078851,4.6259303021978,hi,hi,71e05251
0.2423689,259.405779779761,-127.290021343952,-1471.59202099371,0.15707963267949,1.64265488718988,8.05016215582333,-65.4483150007709,10.6964784766075,67.7615296757568,1.09384,3.410699646396,-5.30883042630245,1.5869140625,-0.569928517356361,-25.8797708787809,4.6259303021978,hi,hi,71e05251
0.2665279,253.15605628806,-225.446076678748,-1094.72084466211,0.191113553093379,1.69480266138639,4.58772681998534,-65.2228529035209,11.6015041384113,35.5802050666865,1.15849714285714,3.34482820042198,-5.12783118193922,1.57296316964286,-0.718605521884107,-14.2602819127976,4.6259303021978,hi,hi,71e05251
0.282749,243.017127121791,-363.762901982109,-583.815624038299,0.226194671058465,1.64265488718988,1.60137634282507,-64.9904728967509,11.4713293338775,-1.31505530881855,1.22582571428571,3.23044126727449,-4.46873433194732,1.55552455357143,-0.743385022638733,-7.04211452483833,4.6259303021978,hi,hi,71e05251
0.3060168,229.941861301178,-435.5194815884,2.35718992689934,0.25551620249197,1.42363423556456,1.731217667919,-64.7962627956309,10.2199851392813,-19.7654260006517,1.28742571428571,3.16010396055646,-4.79179274419714,1.54157366071429,-0.817723524902605,-3.16895153617724,4.6259303021978,hi,hi,71e05251
0.3216037,215.627823692439,-485.742005674379,600.857725999354,0.281172542496286,1.40277512588596,7.0547119967699,-64.6263341967209,8.96888400846355,-3.90748963502342,1.35095428571428,3.06489992924116,-4.4088819921778,1.52413504464286,-0.79294402414798,-1.40842290496767,4.6259303021978,hi,hi,71e05251
0.3459452,202.231617070552,-471.127105516998,1159.09560538571,0.300022098417825,1.64786966460953,16.3600069618345,-64.5014966208809,8.70934242222613,69.819325092055,1.40986857142857,2.99852099909169,-4.86246177187683,1.51018415178571,-0.817723524902605,0.176052863120952,4.6259303021978,hi,hi,71e05251
0.362232,191.95931318552,-373.212222116183,1639.0311832997,0.331961623729321,2.4926636065929,34.40795114989,-64.2899912238909,11.2086609213908,184.248176499118,1.46902571428571,2.87337540142456,-4.686510315205,1.4892578125,-0.79294402414798,0.528158589362889,4.6259303021978,hi,hi,71e05251
0.3861558,186.608106807732,-261.059741108546,2018.5114447134,0.391651884147528,3.66598852601424,55.6586480235957,-63.8947640174109,18.4906821258904,360.281947540267,1.52522571428571,2.79014799664999,-4.93168857450175,1.47530691964286,-0.768164523393357,1.93658149433054,4.6259303021978,hi,hi,71e05251
0.402552,187.177600170169,-48.6324738456647,2289.54360991132,0.505796417227957,5.78840293581196,78.8136843320123,-63.1391514313709,28.7435522237122,532.311685102617,1.58054,2.66043504140376,-4.74203597981046,1.45786830357143,-0.693826021129483,1.93658149433054,4.6259303021978,hi,hi,71e05251
0.4264259,193.658320533764,106.915612446896,2449.07201054837,0.649262481741891,8.129837997235,93.5290345093237,-62.1896881548109,45.1901750485052,689.953898798131,1.63025428571428,2.57081333601846,-4.68795254025972,1.44391741071429,-0.669046520374858,2.64079294681438,4.6259303021978,hi,hi,71e05251
0.4428872,205.045697507848,320.923625921008,2493.90106021745,0.881216739331937,10.8988848070694,104.262584050422,-60.6554011618409,62.2258080729564,758.742405164569,1.68014,2.46596710536952,-3.74762180460391,1.43345424107143,-0.545149016601737,2.64079294681436,4.6259303021978,hi,hi,71e05251
0.4668626,219.566463143789,435.632413391266,2415.58319698855,1.14825211488707,12.9170036684741,99.6315767887382,-58.8900189952409,80.57383767587,759.192481774248,1.72541142857143,2.39745674168314,-3.14909840690882,1.42647879464286,-0.520369515847112,2.28868722057246,4.6259303021978,hi,hi,71e05251
0.4831654,235.07783779313,539.974566561856,2204.41823478041,1.48597332514797,15.0550624105308,78.4241603567305,-56.6586970103909,94.771577323437,616.762288959129,1.77171142857143,2.33869007416548,-1.74292897858908,1.416015625,-0.446031013583239,1.40842290496766,4.6259303021978,hi,hi,71e05251
0.507175,249.49619837625,561.007408506009,1850.81434864168,1.80275058438494,15.6704061460495,38.3031909027077,-54.5673270390409,105.069696304754,353.567220254017,1.81611142857143,2.34589634945693,-0.758610378765321,1.41252790178571,-0.421251512828615,1.23237004184671,4.6259303021978,hi,hi,71e05251
0.523471,261.23696964191,523.293525688939,1357.05988093499,2.16089214689418,15.2375796202185,-8.48296657280305,-52.2047750334409,107.196963130537,-16.3508589522209,1.86266857142857,2.34691131780784,0.530017707597375,1.40206473214286,-0.446031013583239,-0.352105726241905,4.6259303021978,hi,hi,71e05251
0.5469325,269.446639227367,461.45880086696,743.732379949809,2.45463106000483,12.7449160136256,-54.4900760977503,-50.2682994188509,97.7720275670874,-426.297450259282,1.90971142857143,2.41511719098896,1.29728143669079,1.39508928571429,-0.495590015092489,-0.704211452483841,4.6259303021978,hi,hi,71e05251
0.5632995,274.051072988371,338.238112791273,54.9521214578235,2.6782077371853,9.87678843281789,-95.4766543857326,-48.7950133809209,78.9299883936439,-764.804208921104,1.96044,2.46403866550279,2.01190395128817,1.38462611607143,-0.495590015092487,-1.76052863120958,4.6259303021978,hi,hi,71e05251
0.5873033,275.628037582446,248.666268298266,-644.193879124857,2.76564873271021,6.35159889713421,-117.419838326606,-48.2190853890509,51.9133544208216,-957.933502377417,2.01046857142857,2.54056727916136,1.91599598515147,1.37067522321429,-0.594708018110985,-2.28868722057245,4.6259303021978,hi,hi,71e05251
0.6036303,275.145448096557,127.526298311345,-1276.2699926924,2.79444666536812,3.55126342278193,-118.372008043961,-48.0294479438009,28.1793718543895,-919.211190831682,2.06534,2.58004954801173,1.95421494910068,1.35672433035714,-0.619487518865611,-2.11263435745151,4.6259303021978,hi,hi,71e05251
0.6275981,273.649495813668,61.7134147391814,-1768.59455239538,2.79863545557291,1.52271500653792,-97.3809938204435,-48.0018672842809,10.8901999870936,-728.81661462003,2.11852571428571,2.6218662440692,1.01388421344477,1.34626116071429,-0.693826021129483,-1.93658149433052,4.6259303021978,hi,hi,71e05251
0.6438891,271.984896239177,-6.17892931957243,-2066.63649055867,2.81120182618727,0.975163377474629,-69.5949502503437,-47.9191280230009,5.35824914246491,-437.071827087111,2.17369714285714,2.61557344029356,0.35118180081617,1.32882254464286,-0.743385022638732,-2.46474008369343,4.6259303021978,hi,hi,71e05251
0.6680029,270.653778046256,-33.4516741372748,-2146.75620960644,2.83109857966,1.01166681941218,-35.7496448425273,-47.7881280169609,5.65771124181802,-168.60654675374,2.22581142857143,2.62196774090429,-0.778801529530938,1.31487165178571,-0.743385022638733,-1.40842290496768,4.6259303021978,hi,hi,71e05251
0.68438,269.76494194106,-52.26485287686,-2024.63074290733,2.8635617037471,1.49142634202002,-5.15037256205902,-47.5744052042809,7.9719192131759,42.5635986243122,2.27874,2.55782174112681,-1.51073074478451,1.29743303571429,-0.768164523393355,-1.2323700418467,4.6259303021978,hi,hi,71e05251
0.7083008,269.147824445282,-55.752046925556,-1751.85354536411,2.89602482783419,2.04419274850296,18.4807486050353,-47.3606956509209,11.2283510138545,159.780390217357,2.32858285714286,2.51346762419207,-2.50226046988173,1.27999441964286,-0.84250302565723,-0.528158589362878,4.6259303021978,hi,hi,71e05251
0.7245291,268.519417383104,-54.085100605602,-1405.25827440877,2.94838470539402,2.93070490984353,32.8498552487629,-47.0160455949209,15.1693721854465,223.662451633358,2.37951142857143,2.43095069726314,-3.16568399503764,1.26604352678571,-0.792944024147982,0.176052863120952,4.6259303021978,hi,hi,71e05251
0.7485894,267.652524177318,-51.3663653800998,-1069.15545823247,3.0164525462218,3.74942496472865,41.2895413798681,-46.5680741151209,21.421923872955,281.087063400901,2.42535428571428,2.36741367849621,-4.32090626384189,1.24860491071429,-0.79294402414798,0.176052863120974,4.6259303021978,hi,hi,71e05251
0.7648588,266.501335562873,-47.0320574156527,-819.058088060445,3.12536109154625,4.93317943898929,49.902349277765,-45.8514662792809,28.1438302679057,321.849996614689,2.47229714285714,2.26967222630363,-5.12999451952113,1.22767857142857,-0.768164523393357,0.528158589362867,4.6259303021978,hi,hi,71e05251
0.7884936,265.222374567889,-44.2300748540884,-700.449416633764,3.24002922340227,5.98656447775868,56.2212937656694,-45.0971220823309,36.2312766429477,373.155805317398,2.51585428571428,2.17000233424433,-6.57077734915337,1.21721540178571,-0.718605521884108,1.76052863120958,4.6259303021978,hi,hi,71e05251
0.8046657,264.079805396214,-40.9319686424708,-721.423329433245,3.39134926955018,7.50406470687695,71.9753745437322,-44.1020086857809,43.5858490184253,413.289593847526,2.55902571428571,2.01379870503937,-7.97045676472706,1.20326450892857,-0.718605521884107,1.40842290496768,4.6259303021978,hi,hi,71e05251
0.8288337,263.311561025819,-40.7022432618366,-853.68182645791,3.54947609978087,8.81818861662885,96.3422632196921,-43.0625180176209,52.6849488607723,543.279687592159,2.59819714285714,1.83577325628987,-9.94269952701137,1.18931361607143,-0.693826021129483,1.76052863120958,4.6259303021978,hi,hi,71e05251
0.8449841,262.960464068145,-47.5628223979666,-1040.37065125084,3.76991118430775,11.6028797587222,149.620486949899,-41.6140808001709,62.9723894590742,762.474182381849,2.63401142857143,1.58862846284342,-11.8442732616161,1.17885044642857,-0.594708018110986,1.93658149433054,4.6259303021978,hi,hi,71e05251
0.8692092,262.771988493334,-60.7624764131602,-1210.66829815461,4.01076662108297,15.3575195008705,211.295116369513,-40.0323304397709,82.762974565218,1255.59686443925,2.66295428571428,1.30910617900297,-13.8078626735723,1.16489955357143,-0.594708018110984,1.76052863120958,4.6259303021978,hi,hi,71e05251
0.8854484,262.188100081702,-97.964562811115,-1298.3801340034,4.40503649910849,22.9606649787208,295.302453705283,-37.4454846838809,112.887349641121,1835.11931352562,2.68374,0.967975316262314,-15.209705426728,1.15094866071429,-0.545149016601736,2.4647400836934,4.6259303021978,hi,hi,71e05251
0.9094262,260.429874311382,-136.787734673588,-1258.02537753791,4.93334766368717,31.445107840492,361.694651269976,-33.9831276701309,169.818483671137,2547.53825083009,2.69589714285714,0.602586709934917,-15.9416346419817,1.14397321428571,-0.495590015092489,2.99289867305628,4.6259303021978,hi,hi,71e05251
0.9255878,256.744236459512,-211.747610233339,-1072.83583816138,5.85488150874018,43.0844910411517,425.143778799207,-27.9557895357309,237.180428587755,2989.33665112393,2.70011142857143,0.22654093592298,-15.826977750134,1.13351004464286,-0.470810514337864,2.64079294681438,4.6259303021978,hi,hi,71e05251
0.949646,250.629284528725,-269.112175656937,-756.893235463085,6.92721180116549,52.3980835126474,434.968439064648,-20.9562009994109,319.091590126608,3204.29468878259,2.69526857142857,-0.126972540698771,-15.0113994817086,1.12653459821429,-0.371692511319367,3.16895153617723,4.6259303021978,hi,hi,71e05251
0.9658792,242.04298632908,-350.556612447289,-348.767203816562,8.33673970507611,62.8276383519482,413.155096448869,-11.7813415130909,383.298801009649,2901.98933878116,2.68301142857143,-0.408017277065594,-13.305247242014,1.11955915178571,-0.27257450830087,3.16895153617723,4.6259303021978,hi,hi,71e05251
0.9900153,231.531346576961,-392.782611535767,101.049297162793,9.6661569963202,67.7660325683572,335.077179625722,-3.15487769212086,435.034188506763,2345.74514885193,2.66589714285714,-0.639024073732579,-11.0121094050618,1.11258370535714,-0.223015506791619,3.34500439929822,4.6259303021978,hi,hi,71e05251
1.0056569,220.167795850378,-420.583040940372,543.906565645844,11.2416657120955,72.7409302267037,247.520846070719,7.03347387166914,461.572764319191,1506.49334753118,2.64508285714286,-0.803753437085174,-8.52643452330888,1.11258370535714,-0.148677004527747,3.69711012554012,4.6259303021978,hi,hi,71e05251
1.0297648,209.400711692297,-408.693516079765,941.482388079562,12.6590475976401,71.8179146234255,145.984929847269,16.1675273399191,473.012166265467,742.906489297291,2.62631142857143,-0.904742788000666,-5.98379175189591,1.11258370535714,-0.0991180030184987,3.16895153617725,4.6259303021978,hi,hi,71e05251
1.0462004,200.718025502288,-342.19702334161,1274.8968478114,14.2308911219862,72.9078031041325,71.7589723352422,26.2624438205991,470.548343270519,106.779934392501,2.60595428571428,-0.947371458738854,-4.23437276056061,1.11258370535714,-0.0247795007546235,2.81684580993534,4.6259303021978,hi,hi,71e05251
1.0702142,195.345755762344,-267.526255085514,1541.96093790998,15.5477420426159,69.9875277491282,24.2803277925635,34.6907453958491,457.98761722175,-178.428553764809,2.58698285714285,-0.973557642192312,-2.71643089050266,1.11258370535714,0.0495590015092486,2.64079294681438,4.6259303021978,hi,hi,71e05251
1.0865482,193.943315819148,-127.258337879674,1750.67125561602,16.98659147796,71.4737393137286,21.2939773154036,43.8688532502491,445.769411593218,-168.950125974368,2.56792571428571,-0.969193278283405,-1.83739471967098,1.11258370535714,0.0743385022638736,2.46474008369343,4.6259303021978,hi,hi,71e05251
1.1105426,196.471221516886,-24.7332561939724,1912.01658249145,18.2688848794002,70.691522700781,44.6221353906119,52.0202115041991,443.634278586302,104.569579585751,2.54966857142857,-1.00400669271959,-1.36578712678829,1.11607142857143,0.123897503773122,2.46474008369343,4.6259303021978,hi,hi,71e05251
1.126912,202.202595105738,117.010095972783,2031.24005898843,19.8354924159904,75.3066007171717,86.0847985372713,61.9434018696391,456.026603358557,482.268221390288,2.52886857142857,-1.02136265152014,-1.31530924987435,1.11955915178571,0.148677004527747,1.93658149433054,4.6259303021978,hi,hi,71e05251
1.1508047,209.925441078002,194.260320245361,2101.36885530427,21.3287961239967,77.1943501430851,120.96883454584,71.3684028472392,481.061346217154,836.236725044842,2.50866857142857,-1.06236737289688,-1.06219875277687,1.123046875,0.198236006036996,1.58447576808863,4.6259303021978,hi,hi,71e05251
1.1670159,218.235105861743,268.992002136868,2106.88187601311,23.1090319610309,83.2799953918171,144.47011438784,82.5600242032391,506.47291526569,993.286565552777,2.48499714285714,-1.09697779366288,-0.932398497855001,1.13002232142857,0.247795007546244,1.40842290496766,4.6259303021978,hi,hi,71e05251
1.1910591,225.876899087161,290.88729062988,2029.26178591891,24.7374241531416,84.5628306370511,142.868738045015,92.7552036246392,529.841272542719,958.443435686931,2.46219714285714,-1.13250168594472,-0.118983567011739,1.13351004464286,0.247795007546244,0.880264315604792,4.6259303021978,hi,hi,71e05251
1.2073771,232.00835358168,286.036374168171,1854.53612065647,26.6307573257051,88.8806663405217,123.52238060602,104.557882153919,543.495295833161,728.486862499596,2.43745428571428,-1.12306248028127,0.626646786261476,1.14048549107143,0.27257450830087,0.704211452483818,4.6259303021978,hi,hi,71e05251
1.2311926,236.347869088353,265.38352675604,1582.8987717101,28.3261701610924,87.905502963047,78.7704038903147,115.081059390079,552.384633136205,423.35439860607,2.41352571428571,-1.10042868605598,1.92248599789753,1.1474609375,0.272574508300868,0.176052863120952,4.6259303021978,hi,hi,71e05251
1.247328,239.149086353454,223.868693459737,1233.30326806882,30.2530136552941,90.1895754728539,22.6789514497394,126.987639185279,554.30047142338,52.334186541486,2.39026857142857,-1.0207536705096,3.2428430354633,1.15094866071429,0.247795007546244,-0.528158589362878,4.6259303021978,hi,hi,71e05251
1.2712231,241.046605755161,197.601500085736,843.105194046297,31.9353365212914,86.6852450468489,-36.0093274927153,137.336907117989,549.035255648505,-332.790159563372,2.37079714285714,-0.933161901826111,4.67136695213069,1.15792410714286,0.247795007546243,-0.528158589362878,4.6259303021978,hi,hi,71e05251
1.287526,242.817624156668,171.687740494974,461.474987790712,33.7930649771142,86.012538759714,-88.1622597387749,148.716110834229,535.102740165521,-693.98056821559,2.35378285714286,-0.79177681054444,5.58068984911083,1.16141183035714,0.223015506791619,-0.880264315604804,4.6259303021978,hi,hi,71e05251
1.3116742,245.140588364549,165.933908396809,140.770474043088,35.3345397724756,80.2241358239019,-128.066826984307,158.118713028149,510.037918056941,-1012.89399737431,2.34132571428571,-0.640546526258943,6.24844004943084,1.16489955357143,0.173456505282371,-0.880264315604781,4.6259303021978,hi,hi,71e05251
1.3279187,248.414473906592,173.783903841067,-78.0373970220168,36.9624083658107,78.2581647366938,-158.449697056286,168.009360084759,482.614631311006,-1174.29202680721,2.33085428571428,-0.475005188225618,6.24195003668487,1.16838727678571,0.173456505282371,-0.704211452483841,4.6259303021978,hi,hi,71e05251
1.3519919,252.690156064163,186.648925718865,-172.763194502536,38.3080572190983,72.4749765783015,-161.739010625332,176.153006875959,452.468202218425,-1219.60064988531,2.32601142857143,-0.33757847351248,6.01912626573566,1.171875,0.148677004527746,-0.704211452483818,4.6259303021978,hi,hi,71e05251
1.3681597,257.718531899478,209.582139250319,-145.527608699572,39.7929833466951,71.0982753395138,-146.071490730665,185.107570469239,430.976680803507,-1065.02750844227,2.32336857142857,-0.220958609992988,4.95404306284949,1.171875,0.148677004527747,-0.704211452483829,4.6259303021978,hi,hi,71e05251
1.3921853,263.07791881427,223.366540561377,-20.740852322624,41.0700407603794,67.1976218296153,-107.248934527582,192.781636093669,412.489019456735,-820.40776252739,2.32341142857143,-0.142197065962413,3.70723950307278,1.17536272321429,0.148677004527746,-0.176052863120963,4.6259303021978,hi,hi,71e05251
1.4084194,268.342550469673,237.057682040767,160.799742022054,42.4732854789828,68.4126649683938,-63.016323112252,201.185343342469,402.964356330326,-463.239851097477,2.32328285714285,-0.0859678193220322,2.10997525500709,1.17885044642857,0.148677004527747,-0.176052863120963,4.6259303021978,hi,hi,71e05251
1.4324365,273.220286836219,241.336542415421,354.274765317531,43.7095021881704,67.3019173780082,-9.56497761525228,208.562933221819,400.13415028526,-110.035276341619,2.32268285714285,-0.0944935534696672,0.77735930447635,1.18233816964286,0.123897503773122,-0.176052863120952,4.6259303021978,hi,hi,71e05251
1.448748,277.637623951848,242.635202077518,518.48671808646,45.1771495561724,70.6654488136827,42.3715524223167,217.289866832389,405.895939626578,229.642206769136,2.32131142857143,-0.118751297056394,-0.359114038616874,1.18582589285714,0.148677004527746,-0.352105726241926,4.6259303021978,hi,hi,71e05251
1.4723894,281.743955225003,243.00478819347,625.614614376867,46.5505491445668,71.3225107685588,83.4879720353934,225.427346069559,419.914178792923,494.893884279126,2.31875428571428,-0.178025448749499,-1.13935779320251,1.18931361607143,0.148677004527746,-0.352105726241903,4.6259303021978,hi,hi,71e05251
1.4885811,285.843614810762,247.299887732437,664.434157925704,48.1653277685119,76.2035424333514,106.989251877394,234.958523010759,435.576318898882,650.976985727016,2.31271142857143,-0.228164885284429,-1.54606525862425,1.18931361607143,0.123897503773122,-0.528158589362878,4.6259303021978,hi,hi,71e05251
1.5125878,290.291180538921,255.018557250169,638.591882223371,49.6345459328407,77.256927472121,110.538248096629,243.595799508239,452.718987498482,692.451864308368,2.30665428571428,-0.271504033868255,-1.13503111803853,1.19280133928571,0.0991180030184971,-0.352105726241915,4.6259303021978,hi,hi,71e05251
1.5288765,295.389559319321,274.489604774393,562.493568117982,51.3608510959883,81.3035947497696,103.959620958536,253.701496818269,465.580745712448,589.862036558625,2.29835428571428,-0.302562065406082,-0.44348420431628,1.1962890625,0.0991180030184987,-0.704211452483818,4.6259303021978,hi,hi,71e05251
1.5529159,301.306965566215,292.217360855772,453.888422803426,52.9342654166612,80.6204589077955,78.1644777065431,262.873431410719,475.512251738718,413.39520821224,2.29116857142857,-0.303577033756997,0.817741606007376,1.1962890625,0.0743385022638736,-0.880264315604781,4.6259303021978,hi,hi,71e05251
1.5691838,308.053225098826,321.415536256179,328.803172736765,54.7139776549198,83.191344175683,35.2302795421513,273.203387136589,479.216524207478,157.41809179933,2.28446857142857,-0.254249571902802,2.23833328487398,1.1962890625,0.0743385022638736,-0.880264315604792,4.6259303021978,hi,hi,71e05251
1.5934314,315.463087223817,340.026048335462,196.36020161535,56.2601648392616,80.7403987884475,-18.9568334637131,282.138593701559,477.137402526423,-158.039548004252,2.27872571428571,-0.181171850637331,3.80386858173652,1.19977678571429,0.0495590015092501,-0.704211452483829,4.6259303021978,hi,hi,71e05251
1.6094956,323.272756338963,360.88633313566,58.9936031691702,57.9875171999604,80.4483712529469,-76.0004556216441,292.077069818229,468.545166292506,-497.009251585921,2.27602571428571,-0.062928037756384,5.58573763680214,1.19977678571429,0.0247795007546251,-1.23237004184672,4.6259303021978,hi,hi,71e05251
1.6335379,331.170417653273,367.887092313352,-86.0372816743335,59.4677309385768,74.9728549623141,-129.624922885436,300.557941444159,449.692088223,-878.280255005921,2.27692571428571,0.0868812908378432,7.1757907595945,1.19977678571429,0,-1.23237004184672,4.6259303021978,hi,hi,71e05251
1.6499518,338.837411338314,365.287024487194,-242.540006819989,61.0118237278162,72.1464456008635,-196.320083542014,309.371567345749,425.544950090125,-1200.7726229444,2.28115428571428,0.26389177123644,8.50912782265258,1.19977678571429,0,-1.40842290496767,4.6259303021978,hi,hi,71e05251
1.6734845,345.996908256368,354.376273244134,-412.278179465576,62.2417572516966,65.0022005359424,-253.666668791831,316.364649362839,390.917776661333,-1556.02803775708,2.28949714285714,0.483632419208325,9.6441589406912,1.19977678571429,-0.0743385022638736,-1.23237004184672,4.6259303021978,hi,hi,71e05251
1.6897313,352.433967037935,326.113843775795,-591.548811224113,63.5041538996641,59.5371138001488,-310.277486532781,323.518104614109,356.416575558754,-1813.10284553507,2.30339714285714,0.706417972232945,10.5469918249252,1.1962890625,-0.0991180030184987,-1.40842290496767,4.6259303021978,hi,hi,71e05251
1.7137305,358.017695334013,300.26032711109,-772.284282025648,64.5141759377932,50.1765883318764,-339.578345562311,329.224087173519,312.108395572084,-2099.49405871409,2.32161142857143,0.943413082170298,10.9529781778196,1.1962890625,-0.123897503773122,-1.23237004184671,4.6259303021978,hi,hi,71e05251
1.72999,362.673164859088,255.419627929633,-942.163079241882,65.4456581595826,43.0636319314732,-372.384920369376,334.474060788429,267.410055215188,-2212.40782323577,2.34679714285714,1.17624682186892,11.167869710968,1.18931361607143,-0.123897503773122,-1.76052863120958,4.6259303021978,hi,hi,71e05251
1.7538862,366.406603973564,222.82265908979,-1087.17392003535,66.049891146623,34.0577113277369,-376.063757913703,337.872110401309,214.470301868895,-2290.3198904538,2.37545428571428,1.42156467228373,10.6349675532612,1.18582589285714,-0.173456505282371,-1.23237004184671,4.6259303021978,hi,hi,71e05251
1.7701247,369.261975016609,174.611183107596,-1194.41410541145,66.5656359405873,27.2785006821913,-374.159418478992,340.767686562859,168.491234860397,-2152.37890870406,2.40971142857143,1.62851671903415,10.0450975058943,1.18233816964286,-0.173456505282371,-1.40842290496766,4.6259303021978,hi,hi,71e05251
1.7943937,371.331987935491,143.738181692627,-1255.03332605534,66.9237775030966,19.6909995366,-339.058980261937,342.775629452539,126.15706937672,-2011.51691495608,2.44671142857143,1.83577325628986,8.95693870213297,1.18233816964286,-0.247795007546244,-1.58447576808862,4.6259303021978,hi,hi,71e05251
1.8105158,372.742080701209,103.067899936631,-1265.05097873165,67.2531211329479,14.455363007271,-309.584999465615,344.620718333389,95.7169182502741,-1732.90322668662,2.48958285714286,1.98050774312954,7.83056093442254,1.17536272321429,-0.247795007546244,-2.28868722057246,4.6259303021978,hi,hi,71e05251
1.8346346,373.636620113846,79.6921298886125,-1225.80796708328,67.4227671362418,9.32402202633482,-261.976513597841,345.570504122269,65.1802734955595,-1503.3850427399,2.53261142857143,2.12026888504978,6.10493865648959,1.171875,-0.297354009055493,-2.1126343574515,4.6259303021978,hi,hi,71e05251
1.8508233,374.159603685333,51.8585954875847,-1143.36960652348,67.5013069525815,5.76232904871366,-219.604961175525,346.010055596269,40.2512144386874,-1199.03643666353,2.57999714285714,2.20410527083489,4.66415582685751,1.16141183035714,-0.346913010564741,-2.64079294681438,4.6259303021978,hi,hi,71e05251
1.8748787,374.455253276477,37.4938185720962,-1025.36236748449,67.5018305513571,2.49266360659297,-162.518058575897,346.012985002219,17.3469781189696,-949.530539920258,2.62555428571428,2.27840095412146,2.81305996916675,1.15443638392857,-0.44603101358324,-1.93658149433054,4.6259303021978,hi,hi,71e05251
1.8910844,374.623930273269,22.377371637857,-880.452924110699,67.5023541501327,0.818720054884985,-117.376557884908,346.015914395589,5.61079156148148,-641.082525315464,2.67388285714286,2.28083687816364,1.47106955578059,1.14397321428571,-0.470810514337864,-2.28868722057245,4.6259303021978,hi,hi,71e05251
1.9152253,374.742214630664,15.590679357556,-716.060511893029,67.5034013476839,0.109510325812502,-71.9320941020329,346.021773169749,0.25495499435593,-378.993308607036,2.71994,2.28499824840238,-0.242293809187509,1.13351004464286,-0.545149016601737,-1.93658149433054,4.6259303021978,hi,hi,71e05251
1.931363,374.844349436092,9.62139044796853,-538.324521572533,67.5049721440107,0.312886645179041,-36.2690101429032,346.030561312119,0.728427132813122,-127.627497814259,2.76739714285714,2.23171240997962,-1.60014869817516,1.11955915178571,-0.520369515847112,-1.76052863120958,4.6259303021978,hi,hi,71e05251
1.9554416,374.950381311084,7.63659526217849,-351.482615111659,67.512302526869,0.657061954876,0.0865608833952128,346.071571498399,2.1487587730464,39.8088398478021,2.81061142857143,2.18756128671506,-3.34307767676432,1.10909598214286,-0.569928517356361,-0.880264315604781,4.6259303021978,hi,hi,71e05251
1.9716348,375.059420115083,7.01281530689544,-158.518132359399,67.533246477893,1.39234557104658,32.114087739899,346.188736414399,4.51582525493145,166.212253397895,2.85422571428571,2.0861659484592,-4.68002030245894,1.09514508928571,-0.569928517356361,-0.880264315604793,4.6259303021978,hi,hi,71e05251
1.9954928,375.177959865568,8.00826874233211,38.8901610172188,67.5683275958581,2.50309316143219,62.1939947199924,346.384975427229,9.61301144493121,303.687650228495,2.89411142857143,1.97888379376808,-6.46693714521614,1.08816964285714,-0.594708018110986,1.11022302462516e-14,4.6259303021978,hi,hi,71e05251
2.0129649,375.320322667692,11.8428296377657,239.568145880516,67.6432022207686,4.68808490026579,102.444805499107,346.803723970299,16.9652632566744,481.871102809206,2.93345428571428,1.80786162663984,-8.10891036997702,1.07421875,-0.569928517356361,-0.352105726241914,4.6259303021978,hi,hi,71e05251
2.0356653,375.53505648216,16.6152640386449,440.891799461154,67.7562995562979,7.60314547785045,150.183132691974,347.436066704859,31.2599562291004,780.612231475472,2.96751142857143,1.62212241842343,-10.200136699273,1.06375558035714,-0.594708018110986,0.352105726241914,4.6259303021978,hi,hi,71e05251
2.0519018,375.894697557166,28.0311668696653,638.966932855074,67.9830178261319,12.6562647974916,225.231418596262,348.702936152029,50.5941321196734,1124.65696877832,2.99846857142857,1.3747746313068,-12.0202247182878,1.0498046875,-0.545149016601736,0.704211452483835,4.6259303021978,hi,hi,71e05251
2.0760505,376.511261652311,39.641400266862,829.59681310632,68.2966534927153,18.752339601063,299.803619641872,350.454199093719,82.9954244097832,1646.51785038134,3.02185428571428,1.09038049938199,-13.9254040155292,1.03934151785714,-0.569928517356361,1.58447576808863,4.6259303021978,hi,hi,71e05251
2.0921953,377.527972482156,63.7059131684213,1006.60420143047,68.8391018242352,28.5300472629075,392.813288850819,353.478943626599,122.68147814011,2136.86217971515,3.03892571428571,0.751888554353695,-15.2472032781497,1.025390625,-0.520369515847112,1.76052863120958,4.6259303021978,hi,hi,71e05251
2.1158493,379.116427835173,85.2138019495731,1163.87030900175,69.5260634178201,38.6258563473506,456.089294613257,357.303186731879,182.499514052354,2701.07817907309,3.04772571428571,0.394315204328307,-16.2437807909385,1.01841517857143,-0.470810514337863,2.81684580993533,4.6259303021978,hi,hi,71e05251
2.1319239,381.451641037323,124.732095099574,1296.08257052333,70.6209084575962,52.0174047610128,518.326569774945,363.381147054989,246.091444324323,2992.52428780758,3.04758285714286,0.0188784113269139,-16.5985681543913,1.00795200892857,-0.371692511319366,2.81684580993532,4.6259303021978,hi,hi,71e05251
2.1565507,384.697470776743,156.144460198647,1399.37662434306,71.8613139569885,62.5564699261262,526.203610163978,370.247030542959,322.149616689651,3161.48412026512,3.03928285714285,-0.338187454523015,-16.0772037971221,1.0009765625,-0.322133509810116,3.69711012554012,4.6259303021978,hi,hi,71e05251
2.1723721,388.967900550427,207.546461917001,1470.66691204781,73.5195512793083,75.1084391752247,519.884665676074,379.389040103469,383.851722964562,2928.46075157131,3.02301142857143,-0.664195288835125,-14.8412169252554,0.997488839285714,-0.198236006036995,4.04921585178204,4.6259303021978,hi,hi,71e05251
2.1964144,394.314163208947,244.086711768201,1509.76836584625,75.1201927363123,82.1536034691728,461.369508500413,388.175907540999,440.524315452391,2599.2488895546,3.00112571428571,-0.961479518816486,-12.910798689557,0.997488839285714,-0.148677004527746,4.04921585178204,4.6259303021978,hi,hi,71e05251
2.2125485,400.697882013013,297.53146938902,1517.79170050473,77.0674565827624,91.1699536277482,405.970543127006,398.811974603589,476.915123566479,2060.93545899104,2.97425428571428,-1.17249143897056,-10.5167050987768,0.994001116071429,-0.0495590015092486,3.52105726241916,4.6259303021978,hi,hi,71e05251
2.2365816,407.999629104673,331.33498938824,1495.57132865916,78.8696835683718,94.2153836408241,325.815165102358,408.604725920229,507.409423637011,1634.31379390331,2.94544,-1.33701780865297,-7.76710303201627,0.997488839285714,0.0495590015092486,3.52105726241916,4.6259303021978,hi,hi,71e05251
2.252942,416.028409162144,375.104601503353,1443.73674170893,81.0153913507736,100.932016957334,257.388786777857,420.199354437549,529.347739117123,1195.81518712381,2.91239714285714,-1.42288413113991,-5.0037998272361,0.997488839285714,0.0991180030184979,2.64079294681437,4.6259303021978,hi,hi,71e05251
2.2769556,424.563291971465,399.591265974218,1361.4525131067,82.9794103580428,101.813314341255,177.276689194905,430.750693540359,548.159027240779,858.052560121951,2.88255428571428,-1.46135143163937,-1.94411937371793,1.0009765625,0.123897503773121,2.46474008369341,4.6259303021978,hi,hi,71e05251
2.2931818,433.384541615753,427.355568335984,1246.89647063337,85.2544470380174,106.120720489886,108.850310870406,442.899729313409,560.746741856569,471.783252586028,2.85109714285714,-1.43140986528755,0.380747414437357,1.00795200892857,0.173456505282371,1.58447576808862,4.6259303021978,hi,hi,71e05251
2.3172778,442.32271978111,441.027028690711,1096.79999567198,87.2901990775436,103.513331780061,38.433032227801,453.704894996609,563.180260412827,67.5348865203239,2.82274,-1.36848182753116,2.78565769312771,1.01143973214286,0.17345650528237,0.704211452483841,4.6259303021978,hi,hi,71e05251
2.3334927,451.281057595602,455.126660679463,909.080364341492,89.5249186517971,104.285118838169,-32.979696573857,465.495248411009,554.840605289059,-347.205335505917,2.79544,-1.23511498622166,4.69588477806052,1.01492745535714,0.198236006036995,0.176052863120957,4.6259303021978,hi,hi,71e05251
2.3572479,460.243711102285,461.686855229824,682.36563502561,91.4088270463998,98.8461059894736,-103.00745124118,475.375839334569,536.137423686971,-752.585652808721,2.77278285714286,-1.11890111004254,6.4799171707082,1.01841517857143,0.173456505282371,5.64627709666508e-15,4.6259303021978,hi,hi,71e05251
2.3737194,469.256801300308,468.372891973018,419.888772809661,93.4503386724576,96.9583565635603,-168.36091820512,486.020601271399,513.252405929675,-1061.66500235153,2.75282571428571,-0.944935534696662,7.98271567769194,1.02190290178571,0.148677004527747,-0.352105726241915,4.6259303021978,hi,hi,71e05251
2.3974764,478.38768157692,471.18462318736,129.286696005368,95.1792618294832,89.4021440824869,-211.81448166989,494.985153192399,485.08482166031,-1330.86799108642,2.73855428571428,-0.761936741027694,9.38527954337492,1.025390625,0.123897503773122,-0.528158589362861,4.6259303021978,hi,hi,71e05251
2.4136722,487.673630334241,472.26394728549,-178.144675103417,97.0254711122428,85.8352363274459,-250.334074781086,504.510022533159,456.444751460069,-1464.40817467509,2.72506857142857,-0.549300871512174,10.4323349330776,1.025390625,0.123897503773122,-0.880264315604787,4.6259303021978,hi,hi,71e05251
2.4377667,497.075061367006,469.542642706808,-487.894877008743,98.5014960606544,77.9922110882916,-267.559690576881,512.087127922209,421.040515747717,-1574.46570173444,2.71809714285714,-0.307839900830825,11.8449943741434,1.02887834821429,0.123897503773122,-0.70421145248383,4.6259303021978,hi,hi,71e05251
2.4539488,506.441959166927,457.889930454378,-783.995840522121,100.027262892748,74.1228462429111,-296.947110489808,519.884370832249,388.911743748083,-1549.50471096222,2.71549714285714,-0.0475005188225568,12.8321974240766,1.02887834821429,0.0991180030184987,-0.880264315604804,4.6259303021978,hi,hi,71e05251
2.4781509,515.513763430583,442.902328442824,-1051.63086969395,101.281281960306,66.6083519811947,-323.564582134062,526.264845234399,354.961986982961,-1648.89773225043,2.71812571428571,0.233239727038984,13.6463334674473,1.03236607142857,0.0743385022638736,-0.704211452483841,4.6259303021978,hi,hi,71e05251
2.4943438,523.951890050571,408.269312970085,-1279.06126063682,102.621694825837,61.1797686873385,-383.897517861038,533.059177496799,329.303879853878,-1809.08311384163,2.72945428571428,0.548285903161265,14.2275501644862,1.03585379464286,0.0743385022638736,-1.23237004184671,4.6259303021978,hi,hi,71e05251
2.5184514,531.395838454357,375.960317684954,-1458.45436660635,103.71339827296,50.4164680931802,-431.635845053902,538.572632964549,290.671236958811,-2226.69310588734,2.74614,0.861200645746639,14.0155430814472,1.03585379464286,0.0247795007546235,-1.58447576808863,4.6259303021978,hi,hi,71e05251
2.5345973,537.53329135202,316.472104669959,-1586.62746367848,104.644356895974,39.5801606151466,-489.761478254283,543.262700038549,239.162610319889,-2586.12803527651,2.77138285714286,1.15878936623328,13.4934576116505,1.03585379464286,0.0247795007546235,-1.58447576808863,4.6259303021978,hi,hi,71e05251
2.5586867,542.16585260982,270.471352031073,-1664.44520427309,105.089415855232,25.9852358821182,-504.346987106499,545.500399107549,165.049017358814,-2910.93914158586,2.80224,1.4532316848321,12.2480962769284,1.03585379464286,-0.0495590015092486,-1.58447576808863,4.6259303021978,hi,hi,71e05251
